{
  "pools": [
    {
      "rolls": 1,
      "entries": [
        {
          "type": "minecraft:item",
          "name": "brown_mushroom",
          "functions": [
            {
              "function": "minecraft:set_count",
              "count": 4
            }
          ]
        }
      ]
    },
    {
      "rolls": 1,
      "entries": [
        {
          "type": "minecraft:item",
          "name": "honey_bottle"
        }
      ]
    },
    {
      "rolls": 1,
      "entries": [
        {
          "type": "minecraft:item",
          "name": "red_mushroom",
          "functions": [
            {
              "function": "minecraft:set_count",
              "count": 4
            }
          ]
        }
      ]
    }
  ]
}