{
  "pools": [
    {
      "rolls": 1,
      "entries": [
        {
          "type": "minecraft:item",
          "name": "potion",
          "functions": [
            {
              "function": "minecraft:set_nbt",
              "tag": "{display:{Name:'{\"text\":\"Potion of the Sea\",\"italic\":\"false\"}'},Potion:\"water_breathing\",CustomPotionEffects:[{Id:30,Duration:3600}]}"
            }
          ]
        },
        {
          "type": "minecraft:item",
          "name": "sponge"
        }
      ]
    }
  ]
}