{
  "pools": [
    {
      "rolls": 1,
      "entries": [
        {
          "type": "minecraft:item",
          "name": "netherite_axe",
          "functions": [
            {
              "function": "minecraft:enchant_with_levels",
              "levels": {
                "min": 8,
                "max": 24
              },
              "treasure": false
            }
          ]
        },
        {
          "type": "minecraft:item",
          "name": "netherite_shovel",
          "functions": [
            {
              "function": "minecraft:enchant_with_levels",
              "levels": {
                "min": 8,
                "max": 24
              },
              "treasure": false
            }
          ]
        },
        {
          "type": "minecraft:item",
          "name": "netherite_hoe"
        }
      ]
    }
  ]
}